guardian_id,student_id,first_name,last_name,dob,phone_number,province,address
1,S001,Dennis,Nguyen,1984-08-06,(422)987-9231,Nebraska,"63258 Cody Camp Suite 030 West Kimberlyton, VT 80898"
2,S002,Tracy,Taylor,1982-03-01,515-471-6912,Washington,"8236 Jessica Roads Adamsport, HI 05706"
3,S003,Heather,Kent,1983-03-06,+1-222-022-8191,Arkansas,USNS Jackson FPO AP 61263
4,S004,Richard,Thompson,1975-05-30,788-673-7474,South Carolina,Unit 9330 Box 4536 DPO AA 30451
5,S005,Christine,Scott,1968-12-09,(442)255-6288,Minnesota,"25485 Johnson Lodge Suite 388 Thompsonview, NY 16750"
6,S006,Brooke,Phillips,1966-04-25,520433813,Illinois,"PSC 3925, Box 5822 APO AP 73724"
7,S007,Bryan,Moore,1965-11-02,220-894-6383,Pennsylvania,"9038 Randolph Pines Kristimouth, MA 44737"
8,S008,Ashley,Lambert,1981-07-11,6929595827,Washington,"670 Reed Station Apt. 724 Chandlerport, AK 62453"
9,S009,Isaac,Gonzalez,1964-07-24,474.197.5387,Alaska,"966 Matthew Ports Apt. 552 Jeffreyland, ME 46309"
10,S010,Amanda,Gomez,1979-03-05,439-679-7481,Arizona,"3458 Brooks Burg Apt. 711 East Edwin, IA 66999"
11,S011,Curtis,Moreno,1964-06-18,270-767-1359,Iowa,"1292 Michael Well Apt. 811 Port Richard, UT 58065"
12,S012,Katrina,Thompson,1982-10-17,(360)648-1237,Illinois,"PSC 7295, Box 6909 APO AP 38125"
13,S013,Todd,Cook,1970-09-07,+1-608-559-7396,New Hampshire,"97508 Erica Estates Apt. 483 Christineview, RI 81985"
14,S014,Kevin,Cooper,1968-03-27,(677)001-7665,New Hampshire,"PSC 1306, Box 7755 APO AP 66919"
15,S015,Benjamin,Lambert,1980-05-13,536-964-3892,New Jersey,"8035 Robert Rest Apt. 348 Sototown, VT 31279"
16,S016,Catherine,Gutierrez,1972-03-03,2211619013,Pennsylvania,"652 Teresa Causeway Apt. 091 Williamsonville, NM 64845"
17,S017,Alicia,Brown,1980-10-21,8971633024,Iowa,"04053 Vincent Unions Apt. 400 Seanville, OH 14017"
18,S018,Christopher,Brooks,1974-10-03,674-877-9305,Utah,"86536 Smith Island Apt. 258 North Katrinastad, CA 45762"
19,S019,Lori,White,1968-12-10,171.442.8476,North Dakota,"70213 Moore Ranch Suite 823 South Scottborough, IN 03465"
20,S020,Brenda,Rice,1975-12-07,+1-529-532-9416,Montana,"69616 Charles Stream East Benjamin, MN 22041"
21,S021,Lisa,James,1978-05-30,478-620-4799,Wisconsin,"48607 Sandra Summit New Michaelberg, SC 43232"
22,S022,Kelly,Cordova,1980-06-05,007.667.3914,Vermont,"579 Campbell Views Apt. 620 New Nicholashaven, DC 69296"
23,S023,Sean,Ashley,1974-11-24,7547969894,Hawaii,"6394 Sandra Turnpike Suite 724 Lake Davidstad, HI 01968"
24,S024,Danielle,Hamilton,1978-02-13,8086134691,Nebraska,"5212 Moore Creek Apt. 169 South Kevinberg, MD 01064"
25,S025,Jerry,Little,1984-06-18,9173722128,Wisconsin,"3653 John Lakes Port Jeremyland, IL 06760"
26,S026,April,Baker,1975-01-11,(650)555-2321,New York,"7308 William Way Apt. 397 Ryanfort, LA 20440"
27,S027,Judy,Moore,1966-09-14,(575)424-2797,Michigan,"422 Kathleen Parkways Apt. 162 Davidmouth, CT 62861"
28,S028,Donald,Alexander,1977-07-29,198.708.7369,Alabama,"33240 Amy Brooks Jaimemouth, AL 21515"
29,S029,Bruce,Scott,1978-11-25,8746808529,Iowa,USCGC Clarke FPO AA 35045
30,S030,Matthew,Jones,1973-02-26,(630)938-2905,Montana,"6291 Dominique Villages Suite 232 Franklinstad, WA 03992"
31,S031,Katherine,Wells,1968-01-10,(153)846-7812,Oklahoma,"859 Hayes Land Suite 308 Harrisshire, WA 19433"
32,S032,Theresa,Brown,1978-09-19,021.834.1557,Kansas,"12543 Gonzales Valleys Ebonyborough, GA 21592"
33,S033,Wendy,Woods,1980-05-08,086-577-1917,South Carolina,"974 Eric Lane Wilsonstad, OR 94384"
34,S034,Andrew,Pacheco,1970-08-23,(086)600-5045,Massachusetts,"724 Mary Heights Nicholsport, MI 46899"
35,S035,Dennis,Patterson,1970-09-08,460-940-7407,Missouri,"080 Andrew Street Apt. 642 New Johnchester, ME 61915"
36,S036,Kathryn,Morris,1975-06-19,(575)914-9760,Nebraska,"81549 Robinson Burg Apt. 328 South Michaelstad, KY 82346"
37,S037,Ashley,Myers,1980-10-27,470.693.9146,Nevada,"73152 Valdez Port Danieltown, CA 60274"
38,S038,Chad,Lane,1983-05-29,849.338.4572,Utah,"464 Stacey Crossroad Port Jillianhaven, CO 81964"
39,S039,Ricky,Morales,1980-03-23,8596629922,Alaska,USCGC Blake FPO AA 90363
40,S040,Maxwell,Gonzalez,1973-12-28,6599286717,California,"32395 Garcia Rest Apt. 632 Emilyberg, SD 41820"
41,S041,Cynthia,Grant,1981-11-12,554-050-1545,Michigan,"419 Elizabeth Camp East Megan, MI 63684"
42,S042,Sherry,Williams,1977-01-30,(807)146-0866,Utah,"423 Diaz Way Apt. 795 East Jenniferside, RI 42772"
43,S043,Brittany,Martin,1967-08-08,008.764.9414,Texas,"0098 Sexton Radial Olsenstad, DE 09358"
44,S044,Robert,Knight,1975-09-09,808.271.7987,New Mexico,"730 James Court Apt. 070 Nicholsstad, WA 81034"
45,S045,Christopher,Nguyen,1978-02-28,7456929221,Nebraska,"2315 James Rest Suite 616 Hardinland, ND 37623"
46,S046,Timothy,Brown,1982-03-03,789-407-3495,North Dakota,"5990 Williams Road South Jay, VA 43710"
47,S047,James,Carr,1982-06-19,364-085-2547,Vermont,"1828 Monica Circle New Ellenmouth, NH 61130"
48,S048,Mark,Peterson,1979-05-27,290.928.0061,North Carolina,"6068 Shelby Summit Apt. 618 New Kirktown, SD 76185"
49,S049,Doris,Bradford,1974-06-05,384.312.7544,Mississippi,"95872 Harris Track Bethfurt, AL 26976"
50,S050,Dustin,Gamble,1964-10-31,2478602132,Mississippi,USNS Davidson FPO AA 68139
51,S051,Brandon,Warner,1981-02-21,832.271.2453,Rhode Island,"079 William Mountain Port Kennethstad, CT 88131"
52,S052,Denise,Holloway,1978-04-20,117.202.6515,Colorado,Unit 7405 Box 6633 DPO AE 27423
53,S053,Mark,Reyes,1984-05-06,+1-249-592-9811,New York,"7499 Foley Crescent Apt. 714 Lake Franklinview, IN 17976"
54,S054,Robert,Mccoy,1979-12-11,072-846-0152,Illinois,"171 Sanchez Squares Jenkinsside, OR 24403"
55,S055,Caroline,Owens,1978-07-06,(789)139-4336,Mississippi,"99418 Baker Coves Port Kennethmouth, CT 63173"
56,S056,Crystal,Alexander,1967-03-19,044.387.9749,Idaho,"888 Stewart Shoals New Matthew, NY 10414"
57,S057,Juan,Pierce,1978-06-27,(967)062-8554,California,"344 Goodman Ports Apt. 579 Port Mackenziechester, CA 35362"
58,S058,Bill,Garcia,1974-02-19,237-936-4765,Oregon,"592 George Mission Apt. 295 Alexandraburgh, IL 39095"
59,S059,Bridget,Ray,1973-03-21,4382125053,Washington,"327 Jeffrey Plain Apt. 131 Patrickchester, OH 24478"
60,S060,Oscar,Marshall,1979-07-11,+1-803-090-2898,West Virginia,"0955 May Isle Suite 619 West Taylorside, KS 81793"
61,S061,Julie,Vincent,1984-01-31,(370)307-5767,Maine,"0708 Christie Junctions Suite 470 Port Davidberg, MA 04883"
62,S062,Suzanne,Anderson,1972-05-29,220.709.9886,Kentucky,"89060 Carter Port Suite 294 Nicholasview, AK 03895"
63,S063,Ryan,Murphy,1976-03-16,(258)191-8136,Louisiana,"686 Ariel Union Leroyborough, NC 69287"
64,S064,Toni,Delacruz,1966-10-08,928-199-3339,California,USS Davis FPO AE 22832
65,S065,Suzanne,Chavez,1965-11-27,525-137-7117,Missouri,"4524 Regina Mountains North Danielton, CO 75527"
66,S066,Tammy,Henderson,1970-07-21,509.911.2403,Hawaii,"67474 Burgess Cove Suite 499 South Jesse, VT 12902"
67,S067,Ann,Scott,1983-03-29,422-021-6229,Nevada,"11387 Melissa Crescent Lake Robertmouth, CO 36414"
68,S068,Kimberly,Kirby,1976-07-25,+1-236-911-2424,Oregon,"36114 Robbins Expressway Apt. 437 Lake Norma, LA 80984"
69,S069,Anthony,Bell,1971-09-07,659-655-2026,Massachusetts,"5144 Johnson Islands Apt. 930 Taylorside, MS 05694"
70,S070,Cheryl,Bradley,1982-04-26,(780)616-2356,Rhode Island,"2902 Hess Valley West Davidton, HI 97947"
71,S071,Thomas,Adams,1977-09-11,6208366355,Minnesota,"193 John Locks Suite 957 East Ryanmouth, KY 73783"
72,S072,Jacob,Griffin,1971-09-06,(306)234-9248,Louisiana,"1773 Christine Burgs Andersonville, MA 95915"
73,S073,Timothy,Welch,1978-09-06,508-142-0910,Minnesota,"89624 Scott Meadow Apt. 819 North Brittanybury, NJ 57597"
74,S074,Benjamin,Calderon,1979-12-13,511.763.9381,South Dakota,"5748 Louis Rest Apt. 560 Nicolehaven, NJ 62978"
75,S075,Diane,Boyle,1971-03-14,(860)782-2735,New Jersey,"9139 Matthew Walk Apt. 299 Patrickville, AZ 19751"
76,S076,Brian,White,1979-03-28,448.703.9596,Pennsylvania,"6132 Hall Dam Mirandamouth, MD 77422"
77,S077,Valerie,Brown,1967-01-12,767-305-3488,North Dakota,"1909 Washington Ramp Victoriaview, HI 39526"
78,S078,Amber,Harmon,1969-02-03,8929656916,Arkansas,"42598 Thomas Valley Suite 043 Pooletown, MT 54256"
79,S079,Julie,Saunders,1972-05-05,559-080-8199,West Virginia,"4856 Tammy Forges North Christophermouth, CO 74005"
80,S080,Aaron,Bass,1976-05-07,112-316-1134,North Dakota,"36645 Stacy Viaduct Apt. 482 Lake Ashley, VA 77584"
81,S081,Anthony,Wade,1964-11-16,3100298239,New Mexico,"119 Tracy Rapid Apt. 185 Christinashire, ID 30551"
82,S082,Diane,Fuller,1983-10-24,049.178.5969,Oregon,"501 Kathy Turnpike Bretthaven, CT 14935"
83,S083,Billy,Frank,1979-03-10,285.282.6737,Montana,"13063 Rush Orchard Apt. 810 South Josephbury, AR 92345"
84,S084,Joshua,Kelley,1968-11-28,056.442.8154,Mississippi,"8990 Lang Mill Suite 655 Lake Brittneyside, MO 22092"
85,S085,Paul,Williams,1977-12-11,(074)171-8698,Wyoming,"95132 Taylor Meadow Suite 884 Susanberg, AR 24617"
86,S086,Joe,Pratt,1970-11-02,(282)987-1195,Maryland,Unit 5301 Box 7352 DPO AA 12734
87,S087,Rachel,Roberts,1981-03-17,(801)804-6984,Idaho,"6027 April Brooks Apt. 016 Casetown, MT 58507"
88,S088,Bryan,Lawson,1975-09-17,491-411-4489,Georgia,"95002 Silva Lakes Woodwardland, CA 67179"
89,S089,Luke,Smith,1984-10-17,351.613.8705,Florida,"085 Jared Stravenue Apt. 177 Loganberg, ND 03875"
90,S090,Juan,Ho,1979-03-22,819.680.2539,Texas,"36968 Joe Station Suite 046 Romeroborough, IN 20002"
91,S091,Joseph,Hill,1982-01-03,6576809503,West Virginia,"640 Barnett Lane Randallton, WY 50461"
92,S092,Christopher,Rosales,1970-03-31,501-187-5338,Washington,"9209 Joel Junctions Jessicatown, GA 99719"
93,S093,Christopher,Daniel,1972-05-12,(034)077-0819,Idaho,"186 Kaiser Branch Suite 810 Paulton, UT 71697"
94,S094,Patrick,Brown,1978-04-06,035.089.7386,Nevada,"85872 Nicholson Road South Williammouth, IL 97790"
95,S095,Emily,Ferguson,1973-12-15,362.481.2416,Maryland,"17856 Theresa Field Andersonchester, NC 50894"
96,S096,Zachary,Fitzgerald,1965-11-27,563-448-7022,North Carolina,"889 Sarah Trace North Javier, NE 15611"
97,S097,Scott,Jackson,1966-05-09,(466)004-6679,Louisiana,Unit 8621 Box 2940 DPO AE 22091
98,S098,Kevin,Cardenas,1975-12-15,913.515.2518,South Dakota,"924 Carolyn Branch New Katherine, SC 77805"
99,S099,Troy,Shields,1977-05-22,9599841478,Idaho,"8017 Mitchell Hill Port Richardbury, NH 76390"
100,S100,Jamie,Jones,1978-11-28,475.006.0073,Arkansas,"25001 Herrera Forges Lake Michaelville, TN 27506"
101,S101,Rachel,Mata,1979-08-29,5797343400,Arizona,"572 Martinez Pike Apt. 387 Brettbury, ID 96940"
102,S102,John,Sanchez,1982-06-11,+1-967-012-6040,Maryland,"04011 Rebecca Parkway Suite 843 Fitzpatrickstad, NV 34175"
103,S103,Jeffrey,Flowers,1965-03-29,268.065.0159,Montana,"623 Benson Gardens Apt. 246 North Tiffanyshire, NY 31388"
104,S104,John,Sims,1969-09-30,(132)990-6114,Wisconsin,"501 Ellen Prairie Suite 760 East Zachary, VT 41854"
105,S105,David,Kelley,1977-08-28,785.142.9586,Arizona,"12717 Kaitlyn Point Apt. 854 New Charlesborough, AL 33400"
106,S106,Kathy,Wall,1969-02-14,796.392.2847,Louisiana,"6000 Phillips Avenue Pierceborough, AL 65204"
107,S107,Tyler,Rios,1965-10-06,(293)547-2686,Oregon,"0304 Adams Estates Suite 723 Clarkside, LA 49741"
108,S108,Alicia,Sellers,1978-03-23,740-874-6210,Tennessee,"PSC 6484, Box 6011 APO AA 66537"
109,S109,Stacey,Heath,1971-08-11,6271434959,Montana,"6256 Drake Alley South Erinfort, LA 39236"
110,S110,Timothy,Yu,1974-09-30,(351)654-4374,Hawaii,"5533 Ashley Brooks Suite 782 Simmonsberg, MI 42960"
111,S111,Darrell,Rowland,1977-06-13,322-821-3149,New Mexico,"3106 Hughes Junction Suite 330 Cruzborough, ID 87978"
112,S112,James,Williams,1974-11-29,336.095.9557,Michigan,"188 Scott Mission New Timothy, SD 40698"
113,S113,Donald,Harrison,1975-07-31,183-521-7302,Texas,"63966 Guerrero Drive Johnsonshire, MA 80840"
114,S114,Michael,Williams,1976-12-24,305.612.1504,New Mexico,"5053 Morrison Neck North Debraport, LA 38656"
115,S115,Carol,Williams,1984-03-15,(165)242-2661,South Carolina,Unit 8003 Box 4411 DPO AA 01461
116,S116,Jesse,Reid,1980-10-22,665.687.1774,Alabama,"3234 Boyd Crossing Suite 704 North Jenniferfurt, MD 22417"
117,S117,Kimberly,Clark,1966-03-07,(410)769-1932,Pennsylvania,"0183 Ross Square Schneiderside, NM 83210"
118,S118,John,Lopez,1971-05-05,+1-180-957-0866,Wisconsin,"027 Matthew Plains South Michaelburgh, ID 68338"
119,S119,Joseph,Sullivan,1969-05-27,830-923-8080,West Virginia,"6497 Dakota Lakes Suite 061 Darrenfurt, NC 71331"
120,S120,Craig,Li,1970-08-17,(613)970-0384,West Virginia,"75592 Collier Loop Malikland, OR 65759"
121,S121,Grace,Walters,1965-03-10,640.261.6605,Wyoming,"74641 Hughes Ford Apt. 190 Port Kerrymouth, NC 14907"
122,S122,Carolyn,Diaz,1977-11-27,308-749-3444,Missouri,"11754 Hayes Springs Bradleyland, NM 82125"
123,S123,James,Nichols,1965-03-07,910626077,West Virginia,"04091 Sandra Curve Suite 338 Whitefort, ID 52505"
124,S124,Alexander,Frey,1973-03-12,+1-381-472-3799,Iowa,"5729 Farrell Lock Apt. 850 North Zachary, MT 58580"
125,S125,Caleb,Pena,1976-10-07,7694702432,Kentucky,"535 Tyler Way South Erin, MI 11878"
126,S126,Cory,Thompson,1973-01-22,387.347.5096,California,"05202 Lee Coves Apt. 968 Lake Lisaport, CO 75953"
127,S127,Robert,Woods,1982-01-06,668.619.6058,Nebraska,"323 Weber Streets North Trevor, SD 49264"
128,S128,Abigail,Buckley,1978-12-18,678.800.3616,Wyoming,"3837 Charles Vista Port Jeffland, OH 86766"
129,S129,Cheryl,Benson,1968-04-25,478-581-6212,Florida,"00873 Cassandra Passage Marthaville, IL 38628"
130,S130,Lauren,Taylor,1965-05-10,+1-549-446-4743,Nebraska,"2859 Brooke Ridge Suite 372 Simmonschester, MO 86216"
131,S131,Devin,Olson,1972-03-22,368-244-3458,New Jersey,"397 Kenneth Manor Suite 959 Lopezland, AK 74313"
132,S132,Nicholas,Williams,1984-02-12,095-349-9831,New York,"1308 Marie Street West Thomasbury, AR 81178"
133,S133,Jennifer,Gonzales,1977-12-03,5901232850,California,"4907 Mora Groves Suite 462 Davisstad, AR 38193"
134,S134,James,Lynch,1977-06-27,151.905.4682,California,"8708 Melinda Union New Jeff, IL 50687"
135,S135,Heather,Ware,1975-01-17,084.007.9516,Louisiana,"43727 Curtis Crescent Lake Garyshire, AL 07256"
136,S136,Cody,Walker,1980-09-18,(533)609-3686,Arizona,"0072 Hill Oval Suite 379 Danieltown, NJ 75966"
137,S137,Rita,English,1972-05-04,873.758.9743,Wyoming,"20606 Brian Islands Apt. 717 South Kevinstad, DC 20271"
138,S138,Eric,White,1970-12-01,290.284.1877,Mississippi,"70351 Jacqueline Center West Ashleyfort, IA 31484"
139,S139,Laura,Davis,1978-05-04,6346629312,Washington,"25832 Murillo Route East Calvin, DC 58694"
140,S140,Justin,Brewer,1970-01-04,884.229.1166,Hawaii,"41798 David Lock Apt. 971 Washingtonshire, ME 65753"
141,S141,Tammy,Reeves,1975-03-11,409.770.9468,Georgia,"598 Nathan Ports Apt. 960 Taraland, LA 34875"
142,S142,Jeffrey,Harrington,1981-12-03,877-277-9890,Nebraska,"91144 Joseph Rue New Ericville, PA 19508"
143,S143,Eric,Alexander,1984-07-30,+1-946-592-7690,Vermont,"388 William Forge Christineberg, WV 60361"
144,S144,John,Evans,1966-06-17,9615777996,New Jersey,"37062 Bradley Locks Suite 921 Hughesburgh, MN 30635"
145,S145,Andrea,Thomas,1980-11-15,261-447-2733,Nevada,"115 Donna Common Wallaceville, CO 72726"
146,S146,Tracy,Lambert,1979-09-23,(611)770-4204,New Mexico,"91230 Ashley Stravenue Suite 676 Marioland, VA 33572"
147,S147,Dale,Wood,1980-07-26,626-759-3550,Idaho,"PSC 9343, Box 5679 APO AE 73815"
148,S148,Jessica,Archer,1975-12-23,545.012.0687,Wisconsin,"195 Glenn Vista Lindsaymouth, WV 16553"
149,S149,Jesus,Riley,1983-03-21,900-004-0446,New Mexico,"39938 Julie Mill Apt. 060 Lake Anthony, OR 34884"
150,S150,Jeffrey,Young,1978-09-16,172.674.9839,New Jersey,"4065 Wilson Shoal Apt. 647 Lake Williamton, FL 94632"
151,S151,Erica,White,1975-08-18,156-520-4658,South Carolina,"PSC 1344, Box 6807 APO AE 13711"
152,S152,Bradley,Tate,1977-05-06,1768510863,Illinois,"98726 Trevino Via Apt. 460 Amymouth, AZ 68150"
153,S153,Natalie,Yates,1965-07-29,1456852420,California,"0873 Jane Island Garciafurt, CT 24545"
154,S154,Patricia,Munoz,1980-05-30,(768)984-7354,New Hampshire,"0380 Davis Square Meganberg, NE 44605"
155,S155,Theresa,Figueroa,1979-07-01,290-681-2896,Tennessee,"0688 Brandy Oval Lindsaymouth, MA 99485"
156,S156,Jonathan,Chase,1975-04-19,095-578-5071,Alaska,"PSC 6607, Box 9200 APO AP 67330"
157,S157,Jessica,French,1978-03-19,+1-714-401-5620,Indiana,"083 Andrea Squares Port Amberview, VA 82535"
158,S158,Carolyn,Sloan,1983-06-08,2155268789,Maine,"3042 Christopher Walks Port Mirandastad, CT 46143"
159,S159,Amanda,Miller,1983-03-13,+1-353-785-4714,South Dakota,"994 Hancock Avenue Silvaville, RI 68635"
160,S160,Diana,Fisher,1966-04-27,3753142132,Indiana,"PSC 7170, Box 7616 APO AE 41174"
161,S161,Mike,Howard,1964-07-31,616-087-8649,Wisconsin,"1908 Moreno Springs East Jessicatown, AZ 77666"
162,S162,Zachary,Velazquez,1984-06-30,9720577166,South Carolina,"9520 Sandy Curve Suite 593 Kristinemouth, CA 58698"
163,S163,Robert,Winters,1981-09-24,637-103-7626,Oregon,"784 Dickson Plain Lake Claudialand, WY 68154"
164,S164,John,Ruiz,1964-12-05,+1-026-779-1491,Mississippi,"0548 Aaron Unions Suite 883 Jonesville, CO 91170"
165,S165,Nicole,Zamora,1980-04-09,210-812-3479,Montana,"9773 Price Island New Lindafort, CT 19431"
166,S166,Deborah,Walker,1967-11-21,+1-753-222-0345,Illinois,"9445 Kristen Terrace Suite 655 East Danieltown, NY 00998"
167,S167,Richard,Webb,1982-02-05,3129115701,New Hampshire,"4371 Timothy Mountains Suite 814 Lake Robertoside, AZ 54203"
168,S168,Laura,Mcgee,1974-02-27,8269541942,Louisiana,"66364 Victor Glens Powellchester, CO 70014"
169,S169,Joseph,Miller,1968-11-04,686-564-9670,West Virginia,"289 Hodge Drive Suite 467 North Margaretmouth, MO 02222"
170,S170,Christopher,Hoffman,1976-04-04,837.483.3277,Kansas,"01670 Stacy Ridge Apt. 945 Davenportfurt, OK 55816"
171,S171,Tyler,Thompson,1975-06-27,(498)676-8238,Georgia,"03263 Ashley Course Ramirezberg, ID 43284"
172,S172,Cheryl,Freeman,1971-01-24,(607)041-9567,Arizona,"158 Buchanan Wells East Cindyview, NM 44487"
173,S173,Kara,Beck,1982-12-11,203-188-4982,Indiana,"2586 Lucero Valleys North Victoriaberg, GA 62636"
174,S174,Stephen,Hunt,1965-02-09,722.585.3263,South Dakota,"3445 Kevin Mission Lake Brian, MD 25185"
175,S175,Sherri,White,1982-04-30,563-082-0459,Washington,"54757 Soto Fields Apt. 143 Ruthtown, TX 41962"
176,S176,Samantha,Morris,1980-08-20,7160106609,Arizona,"720 Estrada Forge Suite 689 Virginiaberg, CO 54983"
177,S177,Richard,Valentine,1984-10-31,471-753-6016,Hawaii,"079 Cassandra Course Apt. 347 Alifurt, MI 13587"
178,S178,Christopher,Brock,1970-08-15,(045)857-6843,Virginia,"73671 Michael Stream New Melissa, CO 93903"
179,S179,Ernest,Garrison,1964-07-16,2531498120,Florida,"150 Frank Ridge Apt. 581 Fletcherville, DE 68669"
180,S180,Micheal,Miller,1977-01-10,1328502074,Vermont,"1245 Oliver Tunnel Apt. 885 Gonzalezville, HI 83526"
181,S181,Megan,Wilson,1980-09-24,834.899.7877,Kansas,"3939 Mary Camp Maryborough, MA 91017"
182,S182,Michael,Richards,1975-05-12,1756828795,Arkansas,"145 Nathan Greens Suite 024 Port Laceyport, MN 72064"
183,S183,Justin,Walker,1973-02-15,916-420-7228,Kentucky,"PSC 2520, Box 1236 APO AA 16080"
184,S184,Maria,Erickson,1977-12-17,400-293-7426,Kentucky,"3088 Serrano Burg Apt. 844 Lake Carlos, SD 18032"
185,S185,Brandon,Francis,1973-04-20,3691826915,Connecticut,"85283 Wesley Wall Elizabethmouth, DE 92306"
186,S186,David,Rhodes,1972-08-17,+1-134-203-5133,Nebraska,"329 Douglas Spurs Apt. 910 Wesleyfort, DE 97670"
187,S187,Jessica,Thomas,1969-11-22,3823024211,Kentucky,"052 Webster Plains Lake Cynthia, OK 45068"
188,S188,Tabitha,Scott,1966-11-21,(642)429-2873,Tennessee,"91671 Rogers Rest Lake Belindamouth, WA 32015"
189,S189,Melissa,Wilson,1968-07-27,347-798-8166,Arizona,"59911 Gregory Prairie Apt. 178 West Isaacfurt, WA 35190"
190,S190,Lori,Thornton,1983-09-03,031-768-5502,Delaware,"305 Cheryl Brooks Apt. 538 South Valerieborough, MO 21802"
191,S191,Jose,Davis,1968-01-26,641.581.7584,Louisiana,"25323 Daniel Rue New Brian, LA 51252"
192,S192,Gabriel,Lopez,1977-07-07,(625)106-8249,Washington,"9886 Smith Camp Suite 515 Lake Kevinfurt, DC 90101"
193,S193,Julie,Sanders,1983-11-30,125.959.6755,Georgia,"029 Freeman Stream Apt. 083 South Aliciafurt, NH 31083"
194,S194,Sara,Allen,1981-03-14,561-905-8185,Hawaii,"8303 Payne Grove Lake Betty, MT 21248"
195,S195,Victoria,Rivera,1970-04-10,(033)454-6694,Louisiana,"4511 Tanya Spur Suite 550 Griffinville, OR 06215"
196,S196,James,Tran,1974-06-19,+1-680-434-5236,New York,"63014 Javier Plaza Krystalborough, MD 66846"
197,S197,Laura,Nguyen,1980-12-25,5156590127,Vermont,"92101 Hopkins Shoal Larsonchester, RI 68131"
198,S198,Kevin,Ortiz,1965-07-26,5802170835,Wisconsin,"06408 Watkins Orchard Suite 270 Andersenside, OK 09180"
199,S199,Gina,Taylor,1982-08-05,(556)831-5547,South Carolina,"194 Cheryl Estate Apt. 928 Jacobsborough, WV 28012"
200,S200,Michael,Smith,1985-01-15,797-643-3553,Pennsylvania,"5084 Charles Falls New Jonathan, MT 33148"
201,S201,Debra,Nguyen,1979-08-06,418-513-9670,Washington,"219 Katelyn Cape Walshstad, DE 33120"
202,S202,Michael,Cooper,1980-05-06,617.740.3428,Arizona,"4477 Whitaker Isle Apt. 099 East Vickishire, CA 83668"
203,S203,Laura,Howard,1971-10-21,(264)066-5210,Kansas,"313 Phillips Mount Suite 306 South Michael, WI 11737"
204,S204,Beth,Mcbride,1966-09-03,058.808.2035,Maryland,Unit 1356 Box 8719 DPO AA 03842
205,S205,Jeff,Martinez,1964-09-13,698-662-7556,Vermont,"03189 Cynthia Rapid Apt. 982 East Gene, MN 07903"
206,S206,Rachel,Zimmerman,1985-03-29,484-688-6121,Wyoming,"061 Hernandez Bridge Apt. 225 Lisaville, ME 94605"
207,S207,Rebecca,Foley,1984-07-21,(269)567-2974,Rhode Island,"0281 Chapman Estate Suite 755 Allenfurt, VA 54549"
208,S208,Jessica,Jones,1984-10-04,4294228144,Ohio,"623 Mason Shoal Lake Paula, AZ 96292"
209,S209,Deborah,Mcpherson,1975-12-21,5724288078,Colorado,"1190 Wolfe Crest Lake Jimmyburgh, WY 80142"
210,S210,Ronald,Garcia,1965-06-12,+1-611-215-7458,North Carolina,Unit 4654 Box 6598 DPO AE 39049
211,S211,Kristen,Moore,1976-12-30,780.905.7761,New Jersey,"94639 Rebecca Wall Sandersburgh, WV 66897"
212,S212,Devin,Ortiz,1981-12-25,+1-625-221-7607,Wisconsin,"500 Todd Isle West Haley, MD 50012"
213,S213,Shannon,Goodwin,1982-03-24,913.031.9805,Montana,"601 Garrett Grove North Matthewland, WA 44489"
214,S214,Rachel,Henry,1983-04-29,(530)826-8758,Mississippi,"6686 Stanley Roads Suite 597 New Rachelland, IL 62663"
215,S215,Steven,Gregory,1979-02-15,712-259-9332,Tennessee,"4281 Kaitlyn Plains Apt. 971 New Anafurt, ME 77430"
216,S216,Michael,Chavez,1973-06-17,+1-344-782-9511,Wyoming,"55921 Carlson Cliff Apt. 356 North Jeremy, GA 68104"
217,S217,John,Horne,1973-07-11,9327996777,Kansas,"97346 Waller Mill Apt. 369 Brookechester, AK 75248"
218,S218,George,Jones,1968-04-03,58009739,Maryland,"813 Anthony Isle Apt. 422 Port William, SD 21661"
219,S219,George,Sullivan,1965-05-12,7985056776,Iowa,"671 Soto Keys Lake Brittneyville, WA 08402"
220,S220,David,Ross,1968-01-12,7575104153,Georgia,"29898 Jonathan Cove Suzannehaven, TX 61283"
221,S221,Dawn,Martin,1983-09-26,392.003.9339,Rhode Island,USCGC Morales FPO AA 89052
222,S222,Matthew,Oneal,1980-01-30,314.800.0930,New Hampshire,"939 Nancy Islands Parktown, IA 77587"
223,S223,Larry,Vega,1971-05-04,499-106-9918,North Carolina,"414 Henson Trail Lake Meghanview, NY 98162"
224,S224,Shelia,Mayer,1974-01-18,390.683.2952,Wisconsin,"572 Robertson Field Apt. 377 South Tyroneland, TX 54807"
225,S225,Joshua,Miller,1982-02-10,1125367385,Missouri,"6243 Lucas Landing Suite 153 West Erinport, MN 25968"
226,S226,Chase,Wright,1965-09-27,772-722-7487,Vermont,"2868 Leslie Ports New Melissa, TX 44840"
227,S227,Roy,Dean,1984-03-04,+1-541-903-2604,Montana,"95135 Angelica Ports Suite 882 South Kennethbury, NJ 19676"
228,S228,Amanda,Davidson,1983-12-21,529-503-9007,Mississippi,"56571 Lozano Expressway Apt. 269 Brianburgh, MA 85312"
229,S229,Barbara,Brown,1980-08-15,8158428818,West Virginia,"5641 Whitney Lodge Suite 034 West Kristinport, CO 36188"
230,S230,Robin,Wright,1970-12-19,(079)460-9803,Georgia,"70304 Walsh Circles Apt. 253 Theresastad, VT 65025"
231,S231,Kayla,Morris,1982-05-08,+1-416-492-9161,Iowa,USNV Parker FPO AA 84492
232,S232,Jennifer,Sanchez,1974-09-20,302.304.2794,Colorado,"690 Benjamin Wall Suite 268 Emilyland, NC 35695"
233,S233,Sharon,Williams,1981-10-12,018.355.4940,Maine,USS Parker FPO AP 75834
234,S234,Aaron,Garcia,1972-10-07,(686)518-3202,Alaska,"73646 Weiss Crescent Apt. 798 North Claudia, FL 41182"
235,S235,Robert,Rosario,1980-02-21,330-253-0898,Vermont,USNS Bush FPO AP 37703
236,S236,Wendy,Moore,1966-06-12,+1-521-573-0977,Iowa,"74474 Meza Tunnel Kevinberg, HI 17980"
237,S237,Vernon,Jenkins,1983-04-25,+1-986-749-3716,Connecticut,"1588 Derek Mission Anthonyton, AL 20462"
238,S238,Bryan,Ayala,1982-11-29,872.967.8494,Louisiana,"3410 Robert Street Allenfurt, ID 14522"
239,S239,April,Wade,1974-01-28,800-865-3344,Ohio,"646 Cooper Circles Apt. 641 North Jean, NE 64957"
240,S240,Shawn,Smith,1976-06-04,+1-536-395-3036,Maine,"444 Wilson Harbor Apt. 870 Lake Karenview, MS 63477"
241,S241,Deanna,Murray,1978-04-15,767.883.1713,Virginia,"PSC 7304, Box 0351 APO AP 47542"
242,S242,Joshua,Taylor,1977-05-10,4830385830,California,"620 Gibson Crossing Leechester, AZ 11627"
243,S243,Nicole,Wilson,1978-09-07,510.530.7208,Indiana,"9856 Kyle Green East Shane, MS 21903"
244,S244,Julie,Joseph,1969-08-11,968.007.5866,Idaho,"507 Nelson Shoals Apt. 130 Woodville, WI 98375"
245,S245,Gabrielle,Hancock,1980-08-10,805-728-9403,Tennessee,"7316 Brown Pine Suite 902 East Victoriaburgh, NC 53042"
246,S246,Manuel,Baker,1968-10-04,(539)197-2331,New Jersey,"9009 Jessica Island Apt. 848 Lopezburgh, AL 46207"
247,S247,Susan,Day,1984-02-08,1709896750,Illinois,USNS Patterson FPO AP 94661
248,S248,Brenda,Solis,1964-10-08,7659428829,New Mexico,"5733 Gonzalez Trail Beckton, WY 21611"
249,S249,Jason,Stout,1968-07-18,345-426-2365,North Dakota,"96215 Jimenez Crossroad East Meagan, MO 68201"
250,S250,Jessica,Chambers,1971-05-12,+1-486-334-0666,New York,"020 White Inlet Suite 541 North Stephen, WI 19904"
251,S251,Karen,Hale,1973-05-20,(977)481-0542,Oregon,"0325 Rodriguez Vista Dorseyville, AZ 93583"
252,S252,Patrick,Miller,1967-06-24,6429562460,Vermont,"912 Hester Grove North Sylviashire, PA 35455"
253,S253,Teresa,Thomas,1968-08-18,501.799.3168,North Carolina,"415 Paul Ridges Apt. 875 New Rebecca, WV 67721"
254,S254,Manuel,Mccoy,1978-09-20,(686)463-5989,California,"162 Leon Stream Suite 604 West Jacob, MS 65581"
255,S255,Jennifer,Mendoza,1984-11-17,955-855-8951,West Virginia,"2887 Curtis Road Suite 445 Davidmouth, RI 58832"
256,S256,David,Allen,1985-01-10,(891)470-3178,Hawaii,"69453 Stephen Square Morriston, MI 00583"
257,S257,Kristin,Kim,1974-07-22,6795498143,New Hampshire,"729 Ross Crest Apt. 528 Jasonstad, KS 39510"
258,S258,Edward,Estes,1981-12-20,101-982-3154,Nevada,"9763 Thomas Knoll Apt. 943 Kristopherhaven, VT 32731"
259,S259,Christian,Fitzpatrick,1979-03-11,(981)607-6282,Colorado,"05661 Olivia Fields East Shelby, MI 45600"
260,S260,Elizabeth,Wagner,1974-04-27,5521085887,Georgia,"17036 Bradley Canyon Jacksonville, WI 51645"
261,S261,John,Allen,1973-10-20,(820)395-0640,Nebraska,USCGC Spencer FPO AP 62638
262,S262,David,Johnson,1969-09-12,(349)253-0966,Mississippi,"789 Christine Greens Suite 015 Jonesstad, VT 63533"
263,S263,Justin,King,1982-05-23,+1-649-801-6375,South Dakota,"23444 Johnson Underpass Mendozashire, HI 20914"
264,S264,Adam,Payne,1972-12-23,3258152334,Louisiana,"37795 Trevino Hills Apt. 270 Port Aaron, FL 46442"
265,S265,Amber,Jefferson,1973-05-17,(724)216-7268,North Carolina,"PSC 8108, Box 5393 APO AA 98327"
266,S266,Marissa,Roberts,1978-09-22,949185046,Illinois,"70622 Butler Harbors Jenniferport, UT 10499"
267,S267,Jessica,Ramirez,1978-08-21,+1-171-729-0099,Massachusetts,"483 Lori Oval Apt. 842 New Brian, DE 96608"
268,S268,Wesley,Murphy,1981-07-21,3146932613,New York,"04234 Hernandez Island Suite 295 Port Justin, TX 11096"
269,S269,Cassandra,Hodges,1977-10-18,204.869.3475,Hawaii,"03962 Amanda Circles Suite 395 Julieside, ND 67302"
270,S270,Christopher,Ford,1983-09-19,+1-078-239-0772,Nebraska,"01806 Moss Locks Suite 943 Clarkstad, WI 91745"
271,S271,Matthew,Bennett,1965-03-06,026.172.0049,Maine,"979 Carroll Hollow Andersonport, WY 24601"
272,S272,Jeffrey,Brady,1984-11-15,708-190-3395,Texas,"573 Mccarthy Mountain East Diana, PA 46335"
273,S273,Cheryl,Fisher,1984-01-24,117.277.6765,Indiana,"884 Kathryn Circles South Davidfurt, ND 63100"
274,S274,Deborah,Green,1981-09-03,983-963-9049,Nevada,"9866 Allison Prairie Suite 135 North Vanessa, DC 74593"
275,S275,Paige,Sanchez,1965-09-29,152.674.5550,Alaska,"848 Rodriguez Inlet West Bethview, CT 39874"
276,S276,Jessica,Owen,1966-02-01,(562)869-4525,Delaware,Unit 1741 Box 6980 DPO AE 99868
277,S277,Calvin,Adkins,1982-07-11,947.044.6238,Louisiana,"750 Dixon Lock Apt. 419 Port Danielle, MS 99398"
278,S278,Michael,Peterson,1969-09-03,232-178-9552,Oregon,"77791 Shawna Terrace Jeffreyfurt, VT 79499"
279,S279,Catherine,Lynn,1982-12-16,+1-023-204-6138,Nevada,"70372 Hart Circle New Aprilside, VA 53898"
280,S280,Karen,Curry,1978-10-06,(722)140-0849,Kentucky,"347 Derek Summit Paulshire, WY 28321"
281,S281,Alison,Wu,1969-06-25,904-130-1401,Rhode Island,"1710 Moore Well Howardstad, NC 53910"
282,S282,Gregory,Andrews,1968-04-15,(867)683-4478,Iowa,S
283,S283,Theodore,Cochran,1972-11-30,(761)088-2698,Alabama,"052 Lam Parks Apt. 043 Richardsfort, OR 63363"
284,S284,Denise,Dickerson,1969-09-14,339-102-3315,South Carolina,"880 Bowman Park Apt. 102 Johnsonborough, FL 51298"
285,S285,Tina,Davis,1984-12-06,(634)152-5536,Kansas,"999 William Station Port William, FL 81257"
286,S286,Anthony,Castillo,1981-10-22,624.832.6919,Michigan,"64860 Hahn Neck Apt. 175 Garrettmouth, TX 45541"
287,S287,Erin,Torres,1972-11-08,510.867.4318,Arizona,"386 Miller Court Suite 868 Stephaniestad, NJ 47964"
288,S288,Terri,Kim,1973-07-17,(969)434-4761,Texas,"279 Wallace Streets Suite 276 East Robin, LA 53300"
289,S289,Kelly,Brown,1977-11-09,+1-429-400-5782,Minnesota,"49021 Angelica Brooks South Kevin, VA 21004"
290,S290,Jesse,Hensley,1984-10-09,(422)737-1741,West Virginia,"5175 Melissa Fork Apt. 580 South Margaret, AZ 44724"
291,S291,Teresa,Hardy,1971-09-23,482.504.6279,Illinois,"2722 Kim Heights Apt. 576 West Kathleenport, MD 52597"
292,S292,Emily,Spears,1983-09-11,781.776.7467,Minnesota,"32763 Johnson Ridge Suite 458 New Ronaldhaven, VA 63801"
293,S293,Annette,Moore,1973-03-17,346.638.0471,Oregon,"434 Laurie Ports Suite 578 South Rebeccaside, CT 24823"
294,S294,Jeremy,Bell,1980-12-07,302.426.6486,Michigan,"490 Robert Curve Apt. 994 Ronaldberg, WI 31674"
295,S295,James,Evans,1966-04-13,940-366-7855,Texas,"74416 Deanna Landing South Williamstad, HI 57842"
296,S296,Jamie,Gonzalez,1981-01-08,8950613351,Montana,"58144 Meredith Views Suite 071 Port Robert, NC 45574"
297,S297,Jessica,Mejia,1980-12-20,218-889-1211,Alaska,"35585 Patrick Junctions Port Kristinside, KS 62196"
298,S298,Rachael,Miller,1980-03-04,+1-508-556-6057,Pennsylvania,"491 Eric Walks Apt. 761 Port Jonathanview, KY 92066"
299,S299,Eric,Farrell,1969-08-05,425.012.0023,California,"0420 Jenna Tunnel Amyfurt, FL 14093"
300,S300,Bryan,Long,1971-03-04,4826831182,Nevada,"11010 Joshua Wells Apt. 154 Kimberlyfort, MT 02416"
